{
  "mode": "gpu",
  "duration_seconds": 60.0,
  "warmup_seconds": 5.0,
  "batch_size": 100000,
  "samples": 0,
  "hashrate_min": 165813.5575709676,
  "hashrate_avg": 165813.5575709676,
  "hashrate_median": 165813.5575709676,
  "hashrate_p95": 165813.5575709676,
  "hashrate_max": 165813.5575709676
}